Company,Revenue_2024,Market_Share_%,CAGR_5Y_%,Market_Position
TCS,254479,34.36504496183072,10.2,1
INFY,161281,21.779513502053298,12.8,2
HCLTECH,127411,17.205681976240925,13.5,3
WIPRO,89446,12.078858419185515,4.8,4
LTIM,39363,5.315610580175742,8.5,5
TECHM,53276,7.194433078511365,3.2,6
